Filters, Global Filter: Device Series | Device Series:  Cisco Catalyst 3750 Series Switches
numOfModules,deployTime,numOfChassis,adminStatus,softwareType,serialNumber,hostDeviceIpAddress,macAddress,prdctFmlyValue,device_type1_key,deviceName,satelliteAvailableSwVersion,prdctSrsValue,productTypeValue,dscRole,satelliteId,hostDeviceName,sysLocation,softwareVersion,className,satelliteType,clusterId,numOfPorts,ipAddress
1,2015-03-14 01:33:26,1,Managed,IOS,FDO1530X16W,NA,Unknown,Switches and Hubs,13,AMS-3750-SBR,NA,Cisco Catalyst 3750 Series Switches,Cisco 3750 Stackable Switches,NA,NA,NA,Unknown,15.0(2)SE,ManagedNetworkElement,NA,NA,49,192.168.152.10
2,2015-03-14 01:33:28,2,Managed,Unknown,FOC1442Y6E0, FOC1533Y5DQ,NA,Unknown,Switches and Hubs,25,sjc-3750-1,NA,Cisco Catalyst 3750 Series Switches,Cisco 3750 Stackable Switches,NA,NA,NA,Unknown,Unknown,ManagedNetworkElement,NA,NA,50,172.23.223.162
1,2015-03-14 01:33:24,1,Managed,Unknown,FOC1441X3RC,NA,Unknown,Switches and Hubs,9,sjc-3750-2,NA,Cisco Catalyst 3750 Series Switches,Cisco 3750 Stackable Switches,NA,NA,NA,Unknown,Unknown,ManagedNetworkElement,NA,NA,25,172.23.223.170
